,likes,time,servings,ingredients,nutritions,link
S'moreberries,76% WOULD MAKE AGAIN,Under 30 minutes,for 6 berries,strawberry; marshmallow fluff; chocolate syrup; 3 graham cracker crumbs,"Calories 8
Fat 0g
Carbs 1g
Fiber 0g
Sugar 0g
Protein 0g",https://tasty.co/recipe/s-moreberries
Strawberry Açai Refresher Copy Cat,90% WOULD MAKE AGAIN,5 minutes,for 3 cups,"2 tablespoons strawberry powder; 1 teaspoon acai powder; 1 ½ cups water (360 mL), plus 2 tablespoons, divided; 1 cup white grape juice (240 mL); 1 tablespoon passion fruit puree; ½ cup green tea (120 mL); 2 tablespoons simple syrup","Calories 91
Fat 0g
Carbs 18g
Fiber 0g
Sugar 6g
Protein 3g",https://tasty.co/recipe/strawberry-acai-refresher-copy-cat
Vegan Pumpkin Cheesecake Bars,72% WOULD MAKE AGAIN,,for 9 servings,"1 cup pitted date (170 g); ¾ cup rolled oats (60 g); ½ cup almond (70 g); 1 pinch salt; 1 tablespoon water; 1 ½ cups cashews (195 g); 15 oz coconut cream (445 mL), 1 can, chilled; ¼ cup coconut oil (60 g); ½ cup maple syrup (170 g), plus 2 tablespoons, divided; 1 teaspoon vanilla extract; 1 cup pumpkin puree (225 g); 1 teaspoon cinnamon; ¼ teaspoon allspice; ¼ teaspoon ginger","Calories 480
Fat 34g
Carbs 41g
Fiber 5g
Sugar 44g
Protein 8g",https://tasty.co/recipe/vegan-pumpkin-cheesecake-bars
Dairy-Free Coconut Matcha Panna Cotta,83% WOULD MAKE AGAIN,Under 30 minutes,for 4 servings,"coconut oil, for greasing; 2 cups coconut cream (610 g); ¼ cup cane sugar (50 g); 1 tablespoon matcha powder; ½ teaspoon agar agar; ¼ cup hot water (60 mL); coconut flake, for garnish","Calories 486
Fat 47g
Carbs 17g
Fiber 0g
Sugar 66g
Protein 4g",https://tasty.co/recipe/dairy-free-coconut-matcha-panna-cotta
Vegan Tzatziki,97% WOULD MAKE AGAIN,Under 30 minutes,for 4 servings,"12 oz coconut yogurt (340 g); 1 lemon, juiced; 1 tablespoon white wine vinegar; 1 teaspoon salt; ¼ teaspoon pepper; 2 cloves garlic, chopped; 2 tablespoons olive oil; 1 cucumber, grated; 1 tablespoon fresh dill, chopped","Calories 141
Fat 7g
Carbs 16g
Fiber 0g
Sugar 11g
Protein 4g",https://tasty.co/recipe/vegan-tzatziki
Watermelon Lime Sangria Ice Pops,84% WOULD MAKE AGAIN,Under 30 minutes,for 12 ice pops,"3 cups watermelon (450 g), chopped; 2 cups white wine (480 mL); ¼ cup lime juice (60 mL); 3 tablespoons simple syrup; 2 oz rum (60 mL); ice pop mold, mold; ice pop stick","Calories 71
Fat 0g
Carbs 11g
Fiber 0g
Sugar 5g
Protein 0g",https://tasty.co/recipe/watermelon-lime-sangria-ice-pops
Heirloom Tomato Tart With Vegan Basil Ricotta,97% WOULD MAKE AGAIN,"Total Time
4 hr 50 min
Prep Time
15 minutes
Cook Time
35 minutes",for 12 servings,"1 ½ cups raw cashews (195 g); 3 cups warm water (720 mL); 1 cup fresh basil leaves (40 g), packed, thinly sliced, divided (plus 1/4 cup (10 G)); 1 ½ cups fresh spinach (60 g), loosely packed; 2 tablespoons fresh lemon juice; 2 tablespoons olive oil, divided, plus 1/4 cup (60 ml); ¾ teaspoon kosher salt; ¾ cup cold water (180 g); 3 heirloom tomatoes, varying in size and color; 1 package filo dough, room temperature; 4 cloves garlic, thinly sliced; ¼ teaspoon red pepper flakes, optional; ½ teaspoon flaky sea salt","Calories 62
Fat 4g
Carbs 4g
Fiber 0g
Sugar 0g
Protein 1g",https://tasty.co/recipe/heirloom-tomato-tart-with-vegan-basil-ricotta
Spiced Pumpkin Pecan Loaf,92% WOULD MAKE AGAIN,"Total Time
3 hr 40 min
Prep Time
10 minutes
Cook Time
1 hr",for 1 loaf,"2 ¼ cups bread flour (280 g), plus more for dusting; 1 ¼ cups whole wheat flour (155 g); 1 ¼ cups toasted pecans (155 g); 1 cup semi-sweet chocolate chips (175 g); 2 teaspoons ground cinnamon; 1 teaspoon ground ginger; ½ teaspoon freshly grated nutmeg; ¼ teaspoon ground cloves; 1 teaspoon kosher salt; 1 cup warm water (240 mL); 2 ¼ teaspoons instant yeast; 1 cup unsweetened pumpkin puree (225 g); ¼ cup maple syrup (85 g)",,https://tasty.co/recipe/spiced-pumpkin-pecan-loaf
Vegan Apple Fritters,90% WOULD MAKE AGAIN,"Total Time
35 minutes
Prep Time
20 minutes
Cook Time
15 minutes",for 8 servings,"6 cups canola oil (1.5 L), for frying; 2 ¾ cups cake flour (345 g); ¼ cup light brown sugar (55 g); 1 teaspoon ground cinnamon, divided; ¼ teaspoon ground nutmeg; ⅛ teaspoon ground allspice; ½ teaspoon kosher salt; ½ tablespoon baking powder; ⅔ cup unsweetened almond milk (160 mL), or non-dairy milk of choice; ¼ cup unsweetened almond milk (60 mL), or non-dairy milk of choice; 2 tablespoons vegetable oil; 2 granny smith apples, peeled and finely chopped; 4 tablespoons margarine, or vegan butter substitute, melted; ½ teaspoon vanilla extract; 2 cups powdered sugar (240 g)","Calories 555
Fat 28g
Carbs 73g
Fiber 2g
Sugar 43g
Protein 3g",https://tasty.co/recipe/vegan-apple-fritters
Grape Juice Fruit Leather,75% WOULD MAKE AGAIN,Under 30 minutes,for 10 fruit leathers,4 cups frozen blueberry (400 g); 1 cup Welch’s Grape Juice (240 mL); 3 tablespoons lemon juice,"Calories 34
Fat 0g
Carbs 8g
Fiber 1g
Sugar 5g
Protein 0g",https://tasty.co/recipe/grape-juice-fruit-leather
Sweet Sesame Dumplings (Tangyuan),76% WOULD MAKE AGAIN,Under 30 minutes,for 4 servings,"1 cup black sesame seeds (150 g), toasted, ground; ¼ cup powdered sugar (25 g); 1 ½ tablespoons unsalted butter; 2 cups glutinous rice flour (250 g), plus more for dusting; 1 cup warm water (240 mL); 2 tablespoons sugar; 1 tablespoon osmanthus, dried flower","Calories 569
Fat 23g
Carbs 80g
Fiber 7g
Sugar 13g
Protein 11g",https://tasty.co/recipe/sweet-sesame-dumplings-tangyuan
Vegan Lox,72% WOULD MAKE AGAIN,Under 30 minutes,for 4 servings,"3 medium carrots; ½ teaspoon kosher salt; 1 cup water (240 mL); ¼ cup low sodium soy sauce (60 mL), or tamari; 2 tablespoons caper, drained; 2 tablespoons caper brine; ¼ cup rice vinegar (60 mL); ½ cup canola oil (120 mL); 1 teaspoon smoked paprika; 1 ½ teaspoons garlic powder; 1 sheet nori seaweed, 7.5 x 8.25 inch (19 x 21 cm) torn; cracker, for serving; vegan cream cheese, for serving","Calories 88
Fat 3g
Carbs 14g
Fiber 2g
Sugar 8g
Protein 2g",https://tasty.co/recipe/vegan-lox
Dairy-Free Strawberry Rhubarb Tart,84% WOULD MAKE AGAIN,,for 8 servings,"1 ½ cups whole wheat flour (190 g); ½ cup almond flour (50 g); 1 teaspoon baking powder; 1 pinch salt; ¼ cup maple syrup (85 g); ¼ cup cold water (60 mL); ¾ cup coconut oil (150 g), cold; 3 ½ cups strawberry (525 g), hulled and quartered, plus more, sliced, for garnish; 1 cup rhubarb (100 g), diced, plus more, sliced, for garnish; ½ cup coconut sugar (75 g); ½ cup water (120 mL); 1 lemon, zested, plus more for garnish; 2 tablespoons cornstarch, dissolved in 1½ tablespoons water","Calories 396
Fat 24g
Carbs 41g
Fiber 4g
Sugar 22g
Protein 4g",https://tasty.co/recipe/dairy-free-strawberry-rhubarb-tart
Easy Roasted Red Pepper Hummus,92% WOULD MAKE AGAIN,,for 6 servings,"15 oz garbanzo beans, 1 can, drained and rinsed; ½ teaspoon salt; ½ teaspoon ground cumin; 1 clove garlic, minced; 16 oz roasted red pepper (450 g), 1 jar, drained; 1 tablespoon lemon juice; 1 tablespoon extra virgin olive oil",,https://tasty.co/recipe/easy-roasted-red-pepper-hummus
Pineapple Coconut Popsicles,87% WOULD MAKE AGAIN,Under 30 minutes,for 6 popsicles,"1 cup coconut flakes (75 g); 1 ½ cups pineapple (370 g), sliced; 1 cup water (240 mL); popsicle mold, with 6 slots","Calories 145
Fat 7g
Carbs 19g
Fiber 3g
Sugar 14g
Protein 1g",https://tasty.co/recipe/pineapple-coconut-popsicles
Korean Pickled Garlic,86% WOULD MAKE AGAIN,,for 3 pounds,3.5 cups white vinegar; 3.5 cups bottled water; 3 tablespoons non-iodized salt; 3.8 lb peeled garlic cloves; 3 cups soy sauce; ½ cup sugar; 2 cups water; 1 cup rice vinegar,"Calories 1220
Fat 4g
Carbs 254g
Fiber 15g
Sugar 61g
Protein 55g",https://tasty.co/recipe/korean-pickled-garlic
Loaded Sweet Potato,94% WOULD MAKE AGAIN,Under 30 minutes,for 1 serving,"1 large sweet potato; ¾ cup black beans (125 g), drained and rinsed; 1 cup broccoli (150 g), steamed; ½ cup corn (175 g); 2 tablespoons guacamole; ½ cup tomato (100 g), diced; fresh cilantro, to taste","Calories 430
Fat 5g
Carbs 86g
Fiber 19g
Sugar 23g
Protein 15g",https://tasty.co/recipe/loaded-sweet-potato
Chili-lime Pineapple Cucumber Sticks,90% WOULD MAKE AGAIN,,for 15 sticks,5 spears jicama; 5 spears pineapple; 5 spears cucumber; 1 teaspoon chili lime seasoning; 2 lime wedges,"Calories 20
Fat 0g
Carbs 5g
Fiber 1g
Sugar 2g
Protein 0g",https://tasty.co/recipe/chili-lime-pineapple-cucumber-sticks
Vegan Orange Creamsicle Pops,85% WOULD MAKE AGAIN,Under 30 minutes,for 6 pops,"2 ½ cups orange juice (600 mL); ½ cup dairy-free vanilla yogurt (120 g), plus more for garnish, optional; 2 tablespoons agave nectar; orange zest, for garnish, optional; ice pop mold","Calories 75
Fat 0g
Carbs 16g
Fiber 0g
Sugar 14g
Protein 1g",https://tasty.co/recipe/vegan-orange-creamsicle-pops
Cranberry Sauce Smoothie,88% WOULD MAKE AGAIN,,for 2 servings,"½ cup cranberry sauce (140 g); ½ cup frozen strawberry (75 g); ½ banana; ½ cup ice (110 g); ½ cup milk (120 mL), of your choice; ½ cup mixed greens (40 g), of your choice, optional; 1 teaspoon orange zest","Calories 181
Fat 2g
Carbs 39g
Fiber 2g
Sugar 29g
Protein 3g",https://tasty.co/recipe/cranberry-sauce-smoothie
Ultimate Crispy “Chicken” Sandwich,77% WOULD MAKE AGAIN,,for 8 servings,"14 oz cannellini bean; 14 oz firm tofu, pressed, cut into large cubes; 2 tablespoons olive; 1 tablespoon vegan worcestershire sauce; 1 vegetable bouillon packet, dissolved in 1 tablespoon warm water; 1 tablespoon onion powder, plus 1 teaspoon, divided; 2 tablespoons garlic powder, plus 1 teaspoon, divided; 2 tablespoons kosher salt, plus 1½ teaspoons, divided, plus more to taste; 1 ¾ cups vital wheat gluten (200 g), plus 2 tablespoons; 2 cups all-purpose flour (250 g), plus more for dusting; 4 cups oat milk (960 mL); ¾ cup dill pickle juice (180 mL); 2 dashes hot sauce; 8 cups canola oil (2 L), for frying; ¼ cup corn starch (30 g); 1 tablespoon baking soda; 1 tablespoon paprika; 2 teaspoons cayenne; 1 teaspoon ground black pepper; 2 cups purple cabbage (200 g), thinly sliced; 1 large carrot, peeled and shredded; 2 teaspoons apple cider vinegar; ½ teaspoon sugar; 1 teaspoon kosher salt; ⅓ cup vegan mayonnaise (80 g); 1 teaspoon garlic paste; 1 tablespoon brown mustard; 1 dash hot sauce; 1 pinch kosher salt; 8 vegan brioche buns, toasted; dill pickle, sliced; hot sauce of choice","Calories 877
Fat 37g
Carbs 97g
Fiber 11g
Sugar 14g
Protein 35g",https://tasty.co/recipe/ultimate-crispy-chicken-sandwich
Pom Pom Potatoes,83% WOULD MAKE AGAIN,"Total Time
50 minutes
Prep Time
15 minutes
Cook Time
35 minutes",for 2 servings,"6 medium Yukon gold potatoes, peeled; 4 cups water; 2 tablespoons kosher salt; 4 cups canola oil; 1 cup all-purpose flour; 1 tablespoon smoked paprika; 1 tablespoon ground cumin; 1 teaspoon chili powder","Calories 1046
Fat 49g
Carbs 137g
Fiber 11g
Sugar 4g
Protein 15g",https://tasty.co/recipe/pom-pom-potatoes
,,,,,,https://tasty.co/recipe/ries-yakisoba
Spinach & Artichoke Hummus,94% WOULD MAKE AGAIN,,for 4 servings,"14 oz chickpeas (395 g), 1 can; 1 cup baby spinach (40 g); 3 artichoke hearts; 1 clove garlic; 3 tablespoons tahini sauce; 2 tablespoons lemon juice; ½ teaspoon salt; ½ teaspoon black pepper; 2 tablespoons extra virgin olive oil","Calories 234
Fat 9g
Carbs 29g
Fiber 8g
Sugar 4g
Protein 10g",https://tasty.co/recipe/spinach-artichoke-hummus
Giant Veggie Burger,65% WOULD MAKE AGAIN,,for 8 servings,"nonstick cooking spray, for greasing; 1 tablespoon olive oil; 1 medium yellow onion, diced; 3 cloves garlic, minced; 2 medium carrots, shredded; 1 teaspoon ground cumin; ½ teaspoon chili powder; ½ teaspoon ground coriander; ¼ teaspoon cayenne; ¾ teaspoon salt; ½ teaspoon pepper; 1 tablespoon soy sauce; 30 oz black beans (850 g), 2 cans, drained and rinsed; ½ cup quick-cook oats (50 g); ½ cup corn (85 g); 15 oz chickpeas (425 g), 1 can, drained and rinsed; 1 cup quinoa (170 g); ½ cup bread crumbs (55 g); ⅓ cup sundried tomato (65 g); 2 tablespoons tahini; 1 tablespoon fresh parsley, chopped; 2 cloves garlic, minced; ¾ teaspoon salt; ½ teaspoon pepper; ½ teaspoon dried oregano; ½ teaspoon dried basil; 15 oz white bean (425 g), 1 can, drained and rinsed; 1 medium sweet potato, roasted and peeled; 1 small yellow onion, finely chopped; ½ cup bread crumbs (55 g); ⅓ cup nutritional yeast (45 g); ⅓ cup fresh parsley (10 g), chopped; 1 tablespoon lemon juice; 1 teaspoon red chili flakes; 1 teaspoon garlic powder; salt, to taste; pepper, to taste; 1 tablespoon flax meal; 3 tablespoons water; 3 tablespoons olive oil, divided; 8 oz mushroom (225 g), finely chopped; 1 tablespoon soy sauce; ½ teaspoon smoked paprika; 1 small yellow onion, diced; 2 cloves garlic, minced; ½ teaspoon salt; ½ teaspoon pepper; 1 ½ cups lentils (300 g), cooked; 1 cup oats (100 g); ⅓ cup vegan mayonnaise (85 g); ¼ cup ketchup (60 g); 2 tablespoons yellow mustard; salt, to taste; pepper, to taste; 1 giant round loaf, of your choice; 6 slices vegan provolone cheese; 1 cup avocado crema (230 g); lettuce; tomato, sliced; red onion, sliced","Calories 856
Fat 20g
Carbs 132g
Fiber 28g
Sugar 17g
Protein 37g",https://tasty.co/recipe/giant-veggie-burger
Kiwi Salsa,95% WOULD MAKE AGAIN,,for 2 servings,"1 ½ cups kiwi (270 g), diced; ½ cup tomato (100 g), diced; ½ cup red onion (75 g), finely diced; ½ cup yellow bell pepper (50 g), finely diced; ¼ cup fresh basil (10 g); 2 tablespoons lime juice; salt, to taste; pepper, to taste","Calories 100
Fat 0g
Carbs 25g
Fiber 4g
Sugar 13g
Protein 2g",https://tasty.co/recipe/kiwi-salsa
Instant Pot Perfect Rice,90% WOULD MAKE AGAIN,"Total Time
18 minutes
Prep Time
5 minutes
Cook Time
13 minutes",for 4 servings,"1 teaspoon olive oil; 1 ½ cups white rice (300 g), rinsed; 1 ½ cups water; ½ teaspoon kosher salt","Calories 183
Fat 0g
Carbs 41g
Fiber 0g
Sugar 0g
Protein 3g",https://tasty.co/recipe/instant-pot-perfect-rice
"Homemade Cashew ""Cheese""",87% WOULD MAKE AGAIN,,for 12 slices,2 cups raw cashew (260 g); 3 teaspoons sea salt; 1 teaspoon onion powder; 1 teaspoon garlic powder; 4 tablespoons nutritional yeast flakes; 2 tablespoons lemon juice; 2 ½ cups water (600 mL); 3 tablespoons agar-agar flakes,"Calories 93
Fat 6g
Carbs 5g
Fiber 0g
Sugar 1g
Protein 3g",https://tasty.co/recipe/homemade-cashew-cheese
Vegan Stuffing,95% WOULD MAKE AGAIN,Under 30 minutes,for 10 servings,"2 tablespoons vegetable oil; 1 small white onion, diced; 1 stalk celery, diced; 1 small apple, diced; 2 teaspoons kosher salt; 1 teaspoon pepper; 1 tablespoon fresh parlsey, chopped; 1 tablespoon fresh rosemary, chopped; ½ tablespoon fresh thyme, chopped; 1 teaspoon dried sage; 1 ½ loaves white bread, cubed; 5 cups low sodium vegetable broth (1.2 L)","Calories 67
Fat 3g
Carbs 9g
Fiber 1g
Sugar 4g
Protein 1g",https://tasty.co/recipe/vegan-stuffing
Mushroom “Bacon”,63% WOULD MAKE AGAIN,"Total Time
2 hr 50 min
Prep Time
10 minutes
Cook Time
1 hr 30 min",for 4 servings,"4 king oyster mushrooms, caps removed and tough bottoms trimmed; 2 teaspoons garlic powder; 1 tablespoon smoked paprika; ¼ teaspoon kosher salt; ⅓ teaspoon black pepper; ¼ cup vegetable oil (60 mL); ⅓ cup liquid aminos (80 mL); 2 tablespoons brown sugar; 2 tablespoons maple syrup; 1 tablespoon apple cider vinegar","Calories 217
Fat 14g
Carbs 13g
Fiber 12g
Sugar 10g
Protein 0g",https://tasty.co/recipe/mushroom-bacon
Easy Fruity Soft Serve,93% WOULD MAKE AGAIN,10 minutes,for 4 servings,"3 cups frozen watermelon (450 g); 1 cup frozen blueberry (140 g); ½ cup frozen mango cubes (140 g); 2 cups frozen whipped topping (480 mL); topping of your choice, for serving","Calories 204
Fat 9g
Carbs 30g
Fiber 2g
Sugar 26g
Protein 1g",https://tasty.co/recipe/easy-fruity-soft-serve
Dairy-Free Mac 'N’ “Cheese”,66% WOULD MAKE AGAIN,,for 8 servings,"½ cup raw cashew (65 g); ¼ cup nutritional yeast (10 g); 1 teaspoon salt; 1 teaspoon garlic powder; 1 head garlic; olive oil; 3 cups cauliflower florets (900 g); 2 cups butternut squash (410 g), peeled and chopped into 1-inch (2 cm) cubes; ½ sweet onion, sliced; 1 cup carrot (120 g), sliced; 1 tablespoon lemon juice; 2 teaspoons dijon mustard; ¼ cup nutritional yeast (10 g), optional; 1 teaspoon turmeric; ½ teaspoon smoked paprika, plus more to taste; ¼ teaspoon nutmeg; salt, to taste; pepper, to taste; ¼ cup reserved cooking liquid (60 mL); ¾ cup almond milk (180 mL); 16 oz macaroni (455 g), prepared","Calories 326
Fat 4g
Carbs 58g
Fiber 5g
Sugar 6g
Protein 12g",https://tasty.co/recipe/dairy-free-mac-n-cheese
Mint Chocolate Chip Nice Cream,70% WOULD MAKE AGAIN,Under 30 minutes,for 6 serving,3 ripe bananas; ¼ cup fresh mint leaf (10 g); 4 teaspoons cacao nibs; ⅓ cup almond milk (80 mL); 1 teaspoon agave,"Calories 86
Fat 1g
Carbs 20g
Fiber 2g
Sugar 11g
Protein 1g",https://tasty.co/recipe/mint-chocolate-chip-nice-cream
Chocolate-Dipped Oranges,75% WOULD MAKE AGAIN,Under 30 minutes,for 2 servings,"1 orange; 1 cup semi-sweet chocolate chips (175 g); ½ cup rainbow sprinkles (80 g); ½ cup freeze-dried strawberry (75 g), crushed; ½ cup almond (70 g), chopped; ½ cup coarse sea salt (120 g); lollipop stick, or other small stick equivalent","Calories 970
Fat 70g
Carbs 86g
Fiber 15g
Sugar 59g
Protein 18g",https://tasty.co/recipe/chocolate-dipped-oranges
Healthy Caramel Apple Bites,44% WOULD MAKE AGAIN,Under 30 minutes,for 8 servings,"5 apples; 30 pitted dates; ½ cup water (120 mL), hot; ¼ cup almond milk (60 mL); ½ teaspoon vanilla extract; ½ teaspoon salt; topping of your choice, if desired; popsicle stick, as needed","Calories 143
Fat 0g
Carbs 37g
Fiber 5g
Sugar 28g
Protein 1g",https://tasty.co/recipe/date-caramel-apple-bites
Berries ‘n’ Cream Instant Oatmeal,92% WOULD MAKE AGAIN,,for 1 serving,"½ cup instant oatmeal (50 g); 2 tablespoons freeze-dried raspberry; 2 tablespoons freeze-dried strawberry; 1 tablespoon milk powder; 2 teaspoons sugar, of choice; ¾ cup water (175 mL), or milk, boiling","Calories 371
Fat 7g
Carbs 63g
Fiber 8g
Sugar 13g
Protein 12g",https://tasty.co/recipe/berries-n-cream-instant-oatmeal
Honey Peanut Butter,92% WOULD MAKE AGAIN,Under 30 minutes,for 12 servings,"3 cups roasted unsalted peanut (375 g); 2 tablespoons honey; salt, to taste; 2 tablespoons canola oil; food processor","Calories 277
Fat 23g
Carbs 9g
Fiber 4g
Sugar 4g
Protein 12g",https://tasty.co/recipe/honey-peanut-butter
Zingy Guacamole,92% WOULD MAKE AGAIN,"Total Time
10 minutes
Prep Time
5 minutes
Cook Time
5 minutes",for 4 cups,"5 ripe avocados, peeled and pitted; ½ medium red onion, finely chopped; 1 large jalapeño, finely chopped; 2 lime juices; 2 tablespoons McCormick® Zingy Spice Blend; 1 teaspoon kosher salt, plus more to taste; vegetable stick, or tortilla chips for serving","Calories 328
Fat 28g
Carbs 20g
Fiber 13g
Sugar 1g
Protein 4g",https://tasty.co/recipe/zingy-guacamole
Whole Wheat Blueberry Peach Galette,85% WOULD MAKE AGAIN,Under 30 minutes,for 8 servings,"2 cups whole wheat flour (260 g); 2 tablespoons coconut sugar; 1 teaspoon salt; 8 tablespoons butter, cold, cubed; 7 tablespoons ice water; 2 peaches, pitted and sliced; 2 cups blueberry (200 g); 1 tablespoon lemon zest; 2 tablespoons coconut sugar; 1 teaspoon cornstarch; ½ teaspoon cinnamon; ½ teaspoon ground cardamom, optional; 1 teaspoon vanilla extract; 1 egg, beaten; turbinado sugar, for sprinkling, optional; vanilla ice cream, for serving","Calories 313
Fat 13g
Carbs 45g
Fiber 5g
Sugar 16g
Protein 6g",https://tasty.co/recipe/whole-wheat-blueberry-peach-galette
Vegan Pesto Tomato Pizza,84% WOULD MAKE AGAIN,,for 4 servings,"½ cup raw unsalted cashew (120 g); 2 tablespoons nutritional yeast; ½ teaspoon garlic powder; ½ teaspoon kosher salt; ⅛ teaspoon pepper; 2 cups fresh basil leaf (80 g); 2 cups arugula (80 g); ⅓ cup raw walnut (35 g); 2 cloves garlic; 1 tablespoon lemon juice; ½ teaspoon kosher salt; pepper, to taste; 6 tablespoons olive oil; 1 lb pizza dough (455 g); 7 slices tomato","Calories 477
Fat 22g
Carbs 57g
Fiber 3g
Sugar 3g
Protein 12g",https://tasty.co/recipe/vegan-pesto-tomato-pizza
"Coconut Chia Pudding With Oranges, Pineapple And Dried Cherries",93% WOULD MAKE AGAIN,10 minutes,for 4 servings,"1 ½ cups sweetened vanilla-flavored almond milk (360 mL); ½ cup chia seeds (85 g); ½ cup dried cherry (110 g); ½ teaspoon kosher salt; 2 tablespoons maple syrup; 1 orange, peeled and segmented; ¼ pineapple, cored and finely chopped; toasted coconut flake, for garnish (optional)","Calories 145
Fat 2g
Carbs 30g
Fiber 4g
Sugar 22g
Protein 2g",https://tasty.co/recipe/coconut-chia-pudding-with-oranges-pineapple-and-dried-cherries
Charred Cumin Broccolini,86% WOULD MAKE AGAIN,"Total Time
16 minutes
Prep Time
10 minutes
Cook Time
6 minutes",for 4 servings,"1 tablespoon kosher salt, plus more for boiling; 2 lb broccolini (850 g); 2 tablespoons olive oil; 2 tablespoons cumin; 1 tablespoon kosher salt; 1 tablespoon ground black pepper; 1 lemon, cut into wedges; 1 tablespoon sugar; grapeseed oil, or nonstick cooking spray, for greasing","Calories 180
Fat 10g
Carbs 21g
Fiber 8g
Sugar 5g
Protein 6g",https://tasty.co/recipe/charred-cumin-broccolini
Cucumber Celery Juice,95% WOULD MAKE AGAIN,Under 30 minutes,for 2 servings,"8 large celery stalks, rinsed and roughly chopped; 1 large cucumber, roughly chopped; 1 granny smith apple, cored and roughly chopped; 1 cup Pure Leaf® Green Tea (240 mL); 1 large lemon, juiced; 2 lemon wheels; 2 cucumber wheels; ice, for serving","Calories 319
Fat 1g
Carbs 68g
Fiber 6g
Sugar 17g
Protein 15g",https://tasty.co/recipe/cucumber-celery-juice
Fig And Couscous Salad,97% WOULD MAKE AGAIN,"Total Time
40 minutes
Prep Time
30 minutes
Cook Time
10 minutes",for 4 servings,"1 small shallot, minced; ½ cup cold water (120 mL); 2 garlics; ½ teaspoon kosher salt, plus more to taste; 1 tablespoon caper, drained and minced; ½ teaspoon dried oregano; 4 tablespoons white wine vinegar; 6 tablespoons olive oil; 1 ½ cups couscous (345 g), warm; 8 black mission figs, cut into eighths; ¾ cup dried yellow apricot (140 g), halved; ¾ cup green olives (135 g), such as Calvestrano, pitted and halved; ½ cup fresh parsley (120 mL), loosely packed, minced; ½ cup slivered almonds (70 g), toasted","Calories 408
Fat 18g
Carbs 54g
Fiber 6g
Sugar 13g
Protein 10g",https://tasty.co/recipe/fig-and-couscous-salad
Veggie Stock,95% WOULD MAKE AGAIN,Under 30 minutes,for 10 servings,"celery, top and bottom; onion, top and bottom skins; carrot, ends and skin; potato, ends and skin; asparagu, bottom stalks; 1 cup brussels sprouts (100 g), extra leaves and bottoms; mushroom, stem; bell pepper, top and bottoms","Calories 5
Fat 0g
Carbs 1g
Fiber 0g
Sugar 0g
Protein 0g",https://tasty.co/recipe/veggie-stock
Tomato Gazpacho,81% WOULD MAKE AGAIN,Under 30 minutes,for 4 servings,"4 medium vine-ripened tomatoes; 2 stale breads, dipped in water; 1 medium english cucumber, seeded and chopped; ½ red bell pepper, seeded and chopped; ¼ red onion, diced; ½ cup fresh basil (20 g), plus more for garnish; 2 cloves garlic, minced; 1 lemon, juiced; 1 splash water; 2 tablespoons red wine vinegar; 1 pinch salt; 1 pinch pepper; 2 tablespoons extra virgin olive oil, plus more for drizzling; 1 cup crouton (30 g), for garnish","Calories 149
Fat 4g
Carbs 23g
Fiber 2g
Sugar 4g
Protein 4g",https://tasty.co/recipe/tomato-gazpacho
Dairy-Free Peach Tart,77% WOULD MAKE AGAIN,,for 8 servings,"1 ½ cups whole wheat flour (185 g); ½ cup coconut oil (120 mL); ⅓ cup coconut sugar (65 g), or sugar of choice; 1 pinch salt; 3 tablespoons coconut oil; ⅓ cup coconut sugar (65 g), or sugar of choice; ½ cup almond flour (50 g); 1 tablespoon arrowroot powder; ½ teaspoon ground cinnamon; 1 teaspoon vanilla extract; ¼ cup almond milk (60 mL), or non-dairy milk of choice; 5 ripe peaches, pitted and thinly sliced; ice cream, of choice, for serving","Calories 394
Fat 23g
Carbs 44g
Fiber 4g
Sugar 27g
Protein 5g",https://tasty.co/recipe/dairy-free-peach-tart
Vegan Breakfast Cups,78% WOULD MAKE AGAIN,Under 30 minutes,for 24 servings,"2 cups chickpeas (320 g), dried; 1 teaspoon garlic powder; 1 teaspoon onion powder; 1 teaspoon baking soda; 1 teaspoon turmeric; ½ teaspoon salt; ½ teaspoon pepper; 1 tablespoon nutritional yeast; 1 ½ cups water (360 mL); 1 cup almond milk (240 mL); 1 tablespoon apple cider vinegar; pepper; onion; broccoli; mushroom",,https://tasty.co/recipe/vegan-breakfast-cups
Vegetable Peel Chips,88% WOULD MAKE AGAIN,"Total Time
35 minutes
Prep Time
5 minutes
Cook Time
30 minutes",for 4 servings,"6 cups vegetable peels (1 kg), such as russet potatoes, beets, and sweet potatoes, loosely packed; ¼ cup olive oil (60 mL); 1 teaspoon kosher salt, plus more to taste; 1 ½ teaspoons garlic powder; 1 teaspoon paprika; 1 ½ teaspoons dried parsley","Calories 36
Fat 3g
Carbs 0g
Fiber 0g
Sugar 0g
Protein 0g",https://tasty.co/recipe/vegetable-peel-chips
Blackberry Freezer Jam,89% WOULD MAKE AGAIN,Under 30 minutes,for 4 (8-ounce) half pint jars,"1 ¾ cups apple juice (420 mL); 3 tablespoons Ball® RealFruit™ Low or No-Sugar Needed Pectin; 3 cups blackberry (300 g), crushed; 3 cups sugar (600 g)",,https://tasty.co/recipe/blackberry-freezer-jam
Italian Spice Blend,98% WOULD MAKE AGAIN,,for 8 servings,1 tablespoon dried oregano; 1 tablespoon dried basil; 1 tablespoon dried parsley; 2 teaspoons dried thyme; 2 teaspoons dried rosemary; 2 teaspoons garlic powder; 1 teaspoon salt,"Calories 5
Fat 0g
Carbs 1g
Fiber 0g
Sugar 0g
Protein 0g",https://tasty.co/recipe/italian-spice-blend
Banana Bread Pancakes With Grilled Maple Rum Bananas,87% WOULD MAKE AGAIN,"Total Time
45 minutes
Prep Time
15 minutes
Cook Time
30 minutes",for 6 servings,"1 tablespoon flax seed; 3 tablespoons cold water; 1 ripe banana; 1 ½ cups non dairy milk (360 mL), unsweetened; 3 tablespoons maple syrup; 1 tablespoon apple cider vinegar; 2 tablespoons refined coconut oil, melted; 2 teaspoons vanilla extract; ¾ cup all-purpose flour (95 g); ¾ cup buckwheat flour (95 g); 1 teaspoon baking powder; ¼ teaspoon baking soda; ½ teaspoon kosher salt; nonstick cooking spray, for greasing; 6 tablespoons butter, melted; 3 tablespoons maple syrup; 3 firm bananas, cut in half, then lengthwise; ⅔ cup walnuts (65 g), chopped; ¾ cup maple syrup (250 g); ⅓ cup brown sugar (75 g); 8 tablespoons butter, divided; ¼ cup dark rum (60 mL); ½ teaspoon kosher salt","Calories 813
Fat 46g
Carbs 91g
Fiber 6g
Sugar 48g
Protein 8g",https://tasty.co/recipe/banana-bread-pancakes-with-grilled-maple-rum-bananas
Vegan “Cheese” Spread,84% WOULD MAKE AGAIN,Under 30 minutes,for 4 servings,"1 cup raw unsalted cashew (130 g), soaked in water for 3 hours; 1 tablespoon nutritional yeast; 1 tablespoon neutral oil; 1 teaspoon salt; 1 tablespoon lemon juice","Calories 167
Fat 14g
Carbs 7g
Fiber 0g
Sugar 1g
Protein 4g",https://tasty.co/recipe/vegan-cheese-spread
Tofu Turkey,20% WOULD MAKE AGAIN,,for 6 servings,"14 oz extra firm tofu (400 g); ¾ cup pinto bean (130 g); 6 tablespoons nutritional yeast; ¼ cup soy sauce (60 mL); 1 tablespoon poultry seasoning; 3 cloves garlic, chopped; ½ teaspoon kosher salt; 1 teaspoon pepper; 1 teaspoon onion powder; 1 cup low sodium vegetable broth (240 mL); 2 tablespoons olive oil; 2 ½ cups vital wheat gluten (310 g); ½ cup vegan stuffing (100 g); gravy, for serving; 2 wooden skewers","Calories 294
Fat 6g
Carbs 16g
Fiber 2g
Sugar 0g
Protein 46g",https://tasty.co/recipe/tofu-turkey
Watermelon Salad With Fresh Herbs,92% WOULD MAKE AGAIN,Under 30 minutes,for 6 servings,"1 small watermelon; 1 cup balsamic vinaigrette (240 mL); ½ red onion, peeled, halved, and thinly sliced; ¼ cup fresh mint leaf (10 g); ¼ cup fresh basil leaf (10 g), thinly sliced; 2 tablespoons fresh thyme leaf","Calories 235
Fat 14g
Carbs 25g
Fiber 1g
Sugar 20g
Protein 1g",https://tasty.co/recipe/watermelon-salad-with-fresh-herbs
White Bean Cranberry Hummus,82% WOULD MAKE AGAIN,,for 6 servings,"1 can cannellini beans, drained and rinsed; 3 tablespoons tahini; 1 lemon, juiced; 1 teaspoon finely chopped fresh rosemary, plus 1 sprig, for garnish; ½ cup chopped dried cranberries (60 g), plus more for garnish; 3 tablespoons olive oil, plus more for garnish; salt, to taste; water, as needed; sweet cracker, for serving","Calories 128
Fat 4g
Carbs 16g
Fiber 4g
Sugar 6g
Protein 4g",https://tasty.co/recipe/white-bean-cranberry-hummus
Lemon Herb Tofu Marinade,81% WOULD MAKE AGAIN,Under 30 minutes,for 2 servings,"14 oz tofu (395 g), 1 block, cubed; ½ cup lemon juice (120 mL); ½ cup fresh basil (20 g), chopped; 1 teaspoon salt; 1 teaspoon pepper; 2 cloves garlic, minced","Calories 178
Fat 10g
Carbs 7g
Fiber 2g
Sugar 2g
Protein 20g",https://tasty.co/recipe/lemon-herb-tofu-marinade
Beet Soup,66% WOULD MAKE AGAIN,Under 30 minutes,for 2 servings,"6 cups water (1.4 L); salt, to taste; 3 beets, chopped; pepper, to taste","Calories 66
Fat 0g
Carbs 15g
Fiber 3g
Sugar 12g
Protein 2g",https://tasty.co/recipe/beet-soup
Garlic Dijon Tofu Marinade,88% WOULD MAKE AGAIN,Under 30 minutes,for 2 servings,"14 oz tofu (395 g), 1 block; ½ cup water (120 mL); ¼ cup mustard (60 g); ¼ cup mayonnaise (60 g); ¼ cup fresh basil (10 g); 2 cloves garlic, minced; 1 teaspoon salt; 1 teaspoon pepper","Calories 387
Fat 33g
Carbs 4g
Fiber 3g
Sugar 1g
Protein 21g",https://tasty.co/recipe/garlic-dijon-tofu-marinade
Jalapeño Mild Sauce,90% WOULD MAKE AGAIN,Under 30 minutes,for 6 cups,"1 tablespoon olive oil; 10 jalapeñoes, seeded, sliced; 3 cloves garlic, chopped; ½ cup onion (75 g), chopped; 1 teaspoon salt; 2 cups water (480 mL); ½ cup white vinegar (120 mL)","Calories 17
Fat 0g
Carbs 1g
Fiber 0g
Sugar 0g
Protein 0g",https://tasty.co/recipe/jalapeno-mild-sauce
Moringa Smoothie,84% WOULD MAKE AGAIN,,for 1 serving,"¼ cup frozen strawberry (40 g); ¼ cup banana (55 g), sliced; 1 cup spinach (40 g); 1 cup non-dairy milk (240 mL); 1 teaspoon moringa powder; fresh berry; shredded coconut; 1 tablespoon bee pollen","Calories 132
Fat 3g
Carbs 22g
Fiber 8g
Sugar 8g
Protein 5g",https://tasty.co/recipe/moringa-smoothie
Very Berry Smoothie Bowl,92% WOULD MAKE AGAIN,,for 1 serving,1 cup frozen blueberry (150 g); ½ cup frozen strawberry (100 g); ½ cup blackberry (100 g); ½ cup milk (120 mL),"Calories 230
Fat 5g
Carbs 44g
Fiber 9g
Sugar 32g
Protein 5g",https://tasty.co/recipe/very-berry-smoothie-bowl
Crispy Potato Puffs,79% WOULD MAKE AGAIN,"Total Time
50 minutes
Prep Time
5 minutes
Cook Time
45 minutes",for 48 small puffs,"4 medium medium Idaho Gold potatoes, scrubbed and dried; 3 ¼ cups canola oil (780 mL), divided; 2 tablespoons kosher salt, divided; 1 tablespoon cumin seeds, toasted; 1 cup water (240 mL); ½ cup semolina flour (120 mL); ½ tablespoon freshly ground black pepper","Calories 38
Fat 1g
Carbs 5g
Fiber 0g
Sugar 0g
Protein 0g",https://tasty.co/recipe/new-crispy-potato-puffs
Orangesicle Soda,90% WOULD MAKE AGAIN,,for 20 servings,"½ cup simple syrup (120 mL); ¾ cup orange juice (180 mL), freshly squeezed; 2 teaspoons vanilla extract; seltzer water, for serving; orange, sliced into wheels, for garnish","Calories 19
Fat 0g
Carbs 4g
Fiber 0g
Sugar 4g
Protein 0g",https://tasty.co/recipe/orangesicle-soda
Coconut Ceviche,92% WOULD MAKE AGAIN,"Total Time
1 hr 50 min
Prep Time
25 minutes
Cook Time
25 minutes",for 2 servings,"3 young coconuts; 1 cup mango (165 g), diced; ¼ cup red onion (35 g), thinly sliced; 2 tablespoons jalapeño, minced; 1 tablespoon lime, zested; 6 tablespoons lime juice; 3 tablespoons coconut milk, shaken, full-fat; 3 tablespoons fresh mint leaf, finely chopped; 3 tablespoons fresh cilantro, finely chopped; 1 teaspoon kosher salt; tortilla chip, or tostada shells, for serving",,https://tasty.co/recipe/coconut-ceviche
Crispy Chickpeas,94% WOULD MAKE AGAIN,Under 30 minutes,for 4 servings,"3 tablespoons olive oil; 1 can can of chickpeas, 15-ounce; ½ teaspoon smoked paprika; ½ teaspoon garlic powder; ½ teaspoon kosher salt; 1 jar Prego® Traditional Italian Sauce, 24-ounce; 16 oz dried pasta (450 g)","Calories 358
Fat 6g
Carbs 60g
Fiber 7g
Sugar 5g
Protein 15g",https://tasty.co/recipe/crispy-chickpeas
Dairy-Free Mint Cacao Ice Cream Cups,74% WOULD MAKE AGAIN,"Total Time
2 hr 10 min
Prep Time
5 minutes
Cook Time
1 hr 20 min",for 12 servings,"14 oz full fat coconut milk (415 mL), room temperature; ⅓ cup sugar (65 g); ½ cup fresh baby spinach (15 g), loosely packed; ½ teaspoon peppermint extract; 14 oz coconut cream (415 mL), chilled; 1 tablespoon refined coconut oil, melted; ⅓ cup cacao nibs (30 g), plus more for garnish","Calories 214
Fat 19g
Carbs 11g
Fiber 1g
Sugar 23g
Protein 2g",https://tasty.co/recipe/dairy-free-mint-cacao-ice-cream-cups
"Vegan Mushroom, Pepper, & Olive Pizza",91% WOULD MAKE AGAIN,,for 4 servings,"½ cup raw walnut (50 g); 10 oz cremini mushroom (300 g), sliced; 1 tablespoon olive oil; ⅓ cup yellow onion (50 g), finely chopped; 2 cloves garlic, minced; 2 tablespoons low sodium soy sauce; ½ teaspoon smoked paprika; ¼ teaspoon fennel seeds; kosher salt, to taste; pepper, to taste; 1 lb pizza dough (455 g); ⅓ cup marinara sauce (85 g); ½ cup shredded vegan mozzarella cheese (50 g); ¼ cup black olive (45 g), sliced; ½ red bell pepper, sliced","Calories 514
Fat 24g
Carbs 64g
Fiber 4g
Sugar 5g
Protein 12g",https://tasty.co/recipe/vegan-mushroom-pepper-olive-pizza
Strawberry and Champagne Cupcakes,77% WOULD MAKE AGAIN,,for 12 cupcakes,"1 ⅓ cups coconut cream (400 g); 4 cups icing sugar (500 g); 1 cup coconut oil (200 g), melted; 1 cup maple syrup (200 mL); ⅔ cup almond milk (150 mL); 1 ⅓ cups flour (170 g); 2 teaspoons baking powder; 1 teaspoon salt; ½ cup sugar (100 g); ½ cup water (100 mL); 1 ½ cups strawberry (300 g); ½ cup champagne (100 mL), vegan-friendly, or sparkling wine","Calories 538
Fat 24g
Carbs 78g
Fiber 0g
Sugar 74g
Protein 2g",https://tasty.co/recipe/strawberry-and-champagne-cupcakes
Vegan Brie,73% WOULD MAKE AGAIN,,for 3 servings,"1 cup raw cashews (130 g); ½ cup plain, unsweetened, non-dairy yogurt (120 g); ½ cup refined coconut oil (120 mL), melted; 1 teaspoon nutritional yeast; 1 teaspoon salt; 1 cup water (240 mL); 2 tablespoons tapioca flour; 1 teaspoon agar-agar flakes","Calories 546
Fat 50g
Carbs 16g
Fiber 1g
Sugar 3g
Protein 8g",https://tasty.co/recipe/vegan-brie
Mint Tea Lemonade Mimosa,87% WOULD MAKE AGAIN,,for 1 serving,6 fl oz champagne (180 mL); ½ fl oz lemon juice (15 mL); 1 slice lemon; ½ fl oz mint tea (15 mL); 1 sprig fresh mint,"Calories 154
Fat 0g
Carbs 6g
Fiber 0g
Sugar 2g
Protein 0g",https://tasty.co/recipe/mint-tea-lemonade-mimosa
Eggshell Powder,65% WOULD MAKE AGAIN,"Total Time
25 minutes
Prep Time
5 minutes
Cook Time
10 minutes",for 1 serving,"12 eggshells, brown or white, rinsed","Calories 882
Fat 59g
Carbs 4g
Fiber 0g
Sugar 4g
Protein 75g",https://tasty.co/recipe/eggshell-powder
Dairy-Free Pumpkin Spice Panna Cotta,79% WOULD MAKE AGAIN,Under 30 minutes,for 4 servings,"¾ cup raw cashews (95 g); warm water, for soaking; coconut oil, for greasing; 1 ¼ cups water (300 mL); 1 pinch of kosher salt; 6 tablespoons maple syrup; ⅓ cup unsweetened pumpkin puree (75 g); 1 tablespoon pumpkin spice; ¼ cup hot water (60 mL); 1 teaspoon agar agar; ground cinnamon, for garnish; cinnamon stick, for garnish","Calories 226
Fat 14g
Carbs 22g
Fiber 3g
Sugar 15g
Protein 3g",https://tasty.co/recipe/dairy-free-pumpkin-spice-panna-cotta
Vegan Cheeseburger,70% WOULD MAKE AGAIN,,for 4 servings,"2 lb closed cup white mushrooms (800 g); 2 cups beetroot juice (500 mL); 1 oz dried porcini mushrooms (30 g), soaked in 150ml (1/2 cups) hot water - then chopped; 1 cup walnuts (100 g), ground; 1 brown onion; 3 tablespoons oil; 1 teaspoon salt; ½ teaspoon black pepper; ½ teaspoon smoked paprika; ½ teaspoon garlic powder; 4 teaspoons bread crumbs (20 g); 4 slices vegan cheese; 1 burger bun, toastedd; lettuce; tomato, sliced; red onion, sliced; american mustard; vegan mayonnaise; ketchup","Calories 436
Fat 22g
Carbs 48g
Fiber 7g
Sugar 20g
Protein 18g",https://tasty.co/recipe/vegan-cheeseburger
Veggnog (Vegan Eggnog),80% WOULD MAKE AGAIN,Under 30 minutes,for 6 servings,"1 cup cashews (130 g); 1 can lite coconut milk; ¼ cup maple syrup (85 g); ¼ cup water (60 mL), add more as needed for desired consistency; 3 pitted dates; ¼ teaspoon allspice; 2 vanilla bean pods, seeds scraped; 1 teaspoon fresh nutmeg, to taste; spiced rum, or bourbon, to taste, optional; 6 cinnamon sticks, to serve","Calories 257
Fat 18g
Carbs 21g
Fiber 3g
Sugar 12g
Protein 4g",https://tasty.co/recipe/veggnog-vegan-eggnog
Apple Cider Vinegar Salad Dressing With Nutritional Yeast,92% WOULD MAKE AGAIN,,for 16 servings,"½ cup olive oil (120 mL); ½ cup apple cider vinegar (120 mL); 3 cloves garlic, minced; ½ tablespoon salt; 1 teaspoon pepper; 3 tablespoons nutritional yeast","Calories 20
Fat 1g
Carbs 0g
Fiber 0g
Sugar 0g
Protein 0g",https://tasty.co/recipe/apple-cider-vinegar-salad-dressing
Homemade Vanilla Extract,70% WOULD MAKE AGAIN,,for 24 ounces,"1 bottle vodka, 750-ml bottle (3 1/4 cups); 20 vanilla beans, whole or leftover pods from another use","Calories 74
Fat 0g
Carbs 0g
Fiber 0g
Sugar 0g
Protein 0g",https://tasty.co/recipe/homemade-vanilla-extract
Feel The Beet Smoothie,84% WOULD MAKE AGAIN,,for 1 serving,"1 cup unsweetened almond milk (240 mL); 1 cup frozen raspberry (125 g); ½ cup beet (100 g), cooked and sliced; 1 cup beet greens (40 g), chopped; 1 banana, sliced; ¼ cup quinoa flakes (40 g)","Calories 529
Fat 6g
Carbs 113g
Fiber 24g
Sugar 52g
Protein 14g",https://tasty.co/recipe/feel-the-beet-smoothie
Herb Sea Salt,87% WOULD MAKE AGAIN,Under 30 minutes,for 4 cups,1 cup fresh parsley (35 g); 1 cup fresh rosemary (70 g); 1 cup fresh thyme (40 g); 1 cup coarse sea salt (285 g),,https://tasty.co/recipe/herb-sea-salt
Raspberry Mango Sangria Ice Pops,98% WOULD MAKE AGAIN,Under 30 minutes,for 12 ice pops,"1 cup mango (165 g), chopped; ½ cup fresh raspberry (60 g), divided, plus 24 raspberries; 2 cups rosé wine (480 mL); 1 cup lemon-lime soda (240 mL); 2 oz triple sec (60 mL); ice pop mold; ice pop stick","Calories 66
Fat 0g
Carbs 7g
Fiber 0g
Sugar 7g
Protein 0g",https://tasty.co/recipe/raspberry-mango-sangria-ice-pops
Vegan Pumpkin Cheesecake,92% WOULD MAKE AGAIN,,for 10 servings,"nonstick cooking spray, for greasing; 2 cups raw cashews (260 g); 2 cups graham cracker (170 g); 6 tablespoons coconut oil, melted; 16 oz silken tofu (455 g); 1 cup unsweetened pumpkin puree (225 g); ¾ cup granulated sugar (150 g); 1 tablespoon cornstarch; 2 teaspoons pumpkin pie spice; 1 teaspoon vanilla extract; 1 tablespoon lemon juice; ¼ teaspoon salt; non-dairy whipped cream, for serving","Calories 359
Fat 20g
Carbs 38g
Fiber 2g
Sugar 19g
Protein 8g",https://tasty.co/recipe/vegan-pumpkin-cheesecake
Easy Oven-Dried Fruit,61% WOULD MAKE AGAIN,"Total Time
6 hr 15 min
Prep Time
15 minutes
Cook Time
6 hr",for 8 servings,"1 large pineapple; 1 lb kiwi (455 g); 3 large mangoes; lemon juice, from half a lemon; 1 lb strawberry (455 g)","Calories 182
Fat 1g
Carbs 45g
Fiber 6g
Sugar 35g
Protein 2g",https://tasty.co/recipe/easy-oven-dried-fruit
Jalapeno Jelly,63% WOULD MAKE AGAIN,Under 30 minutes,for 7 half-pint jars,"12 oz jalapeño pepper (340 g), (about 12 med); 2 cups cider vinegar (480 mL), divided; 6 cups sugar (1.2 kg); 2 pouches Ball® RealFruit™ Liquid Pectin",,https://tasty.co/recipe/jalapeno-jelly
Apple Cider Vinegar,89% WOULD MAKE AGAIN,Under 30 minutes,for 32 servings,"3 medium apples, peeled and washed; 2 cups water (480 mL), plus more as needed; 2 tablespoons sugar","Calories 15
Fat 0g
Carbs 4g
Fiber 0g
Sugar 3g
Protein 0g",https://tasty.co/recipe/apple-cider-vinegar
Quick Pickled Veggies,94% WOULD MAKE AGAIN,Under 30 minutes,for 1 quart,"4 cups vegetable scraps (545 g), odds and ends from vegetables such as red onions, cabbage, carrots, cucumbers, radishes, beets, jalapeño peppers, cauliflower, and string beans; 1 cup apple cider vinegar (240 mL); 2 tablespoons kosher salt; 2 teaspoons black peppercorn; 1 teaspoon red pepper flakes, optional; 3 bay leaves; 2 teaspoons yellow mustard seeds; 3 tablespoons sugar; 3 large cloves garlic, smashed; 2 cups ice (475 g); 1 jar, 1 quart (1 liter) with a tight-fitting lid","Calories 181
Fat 1g
Carbs 32g
Fiber 4g
Sugar 28g
Protein 1g",https://tasty.co/recipe/quick-pickled-veggies
Aries Tea Blend,96% WOULD MAKE AGAIN,Under 30 minutes,for 24 servings,½ cup black tea leaves (5 g); ¼ cup dried orange peel (30 g); 1 teaspoon cinnamon,"Calories 0
Fat 0g
Carbs 0g
Fiber 0g
Sugar 0g
Protein 0g",https://tasty.co/recipe/aries-tea-blend
Japchae,100% WOULD MAKE AGAIN,"Total Time
50 minutes
Prep Time
20 minutes
Cook Time
30 minutes",for 4 servings,"4 tablespoons vegetable oil, divided; 1 medium white onion, sliced; 1 red bell pepper, seeded and sliced; 2 carrots, thinly sliced; 10 oz fresh shiitake mushrooms, sliced; salt, to taste; 12 oz boneless steak, thinly sliced; 4 tablespoons brown sugar, divided; 7 tablespoons soy sauce, divided; 1 tablespoon sesame oil, plus 1 teaspoon, divided; 7 garlic cloves, minced, divided; 2 large eggs, beaten; 6 cups water; 8 oz sweet potato noodles; 1 teaspoon black pepper; 2 tablespoons white sesame seeds","Calories 744
Fat 35g
Carbs 74g
Fiber 8g
Sugar 22g
Protein 33g",https://tasty.co/recipe/japchae
Vegan Basil Ricotta,92% WOULD MAKE AGAIN,Under 30 minutes,for 3 servings,"1 cup raw cashews (130 g); 1 cup fresh basil leaf (40 g); ½ lemon, juiced; ½ teaspoon salt; 6 fl oz water (175 mL)","Calories 177
Fat 13g
Carbs 10g
Fiber 1g
Sugar 2g
Protein 5g",https://tasty.co/recipe/vegan-basil-ricotta
Healthy Smoothie Bowl: Pitaya Bowl: Berry Delicious,84% WOULD MAKE AGAIN,,for 1 serving,2 cups frozen pitaya (330 g); 1 cup frozen mango (165 g); 6 frozen strawberries; ½ fresh banana; 1 ½ cups milk of choice (360 mL); 5 fresh strawberries; ⅓ cup fresh blueberries (35 g); ½ cup shredded coconut (50 g); 1 tablespoon chia seeds,,https://tasty.co/recipe/healthy-smoothie-bowl-pitaya-bowl-berry-delicious
Apple Cinnamon Iced Tea,84% WOULD MAKE AGAIN,,for 1 serving,¼ cup apple (30 g); 1 teaspoon cinnamon stick; 1 teaspoon lemon juice; 1 teaspoon apple cider vinegar; 1 bag black tea,"Calories 28
Fat 0g
Carbs 7g
Fiber 1g
Sugar 4g
Protein 0g",https://tasty.co/recipe/apple-cinnamon-iced-tea
Whole Wheat Pita Chips,90% WOULD MAKE AGAIN,Under 30 minutes,for 6 servings,6 whole wheat pitas; 2 tablespoons olive oil; ½ teaspoon salt; ½ teaspoon pepper; ½ teaspoon garlic powder,"Calories 149
Fat 1g
Carbs 28g
Fiber 1g
Sugar 0g
Protein 4g",https://tasty.co/recipe/whole-wheat-pita-chips
Veggie Skins Chips,82% WOULD MAKE AGAIN,Under 30 minutes,for 4 servings,"1 parsnip, washed and skinned; 3 carrots, washed and skinned; 3 potatoes, washed and skinned; 2 tablespoons olive oil; 2 teaspoons garlic powder; 2 teaspoons onion powder; 2 teaspoons paprika; 1 teaspoon salt; pepper, to taste","Calories 152
Fat 2g
Carbs 31g
Fiber 4g
Sugar 4g
Protein 3g",https://tasty.co/recipe/veggie-skins-chips
Healthy Smoothie Bowl: Pitaya Bowl: The Forager,87% WOULD MAKE AGAIN,Under 30 minutes,for 1 serving,2 cups frozen pitaya (330 g); 1 cup frozen mango (165 g); 6 frozen strawberries; ½ fresh banana; 1 ½ cups milk of choice (360 mL); 5 fresh strawberries; ⅓ cup fresh blueberries (35 g); 1 cup granola and sliced almonds (140 g),,https://tasty.co/recipe/healthy-smoothie-bowl-pitaya-bowl-the-forager
Raspberry Goji Berry Smoothie,86% WOULD MAKE AGAIN,"Total Time
7 minutes
Prep Time
5 minutes
Cook Time
2 minutes",for 1 serving,"⅓ cup ice (50 g); 1 cup frozen raspberry (125 g); 1 medium banana; 1 tablespoon goji berry powder; 1 fresh ginger, 1/2 inch (1.25 cm), peeled and chopped; 3 tablespoons hemp seeds, plus more for garnish; 1 cup non dairy milk (240 mL), of choice; 1 tablespoon goji berries, for garnish","Calories 441
Fat 14g
Carbs 72g
Fiber 18g
Sugar 32g
Protein 13g",https://tasty.co/recipe/raspberry-goji-berry-smoothie
Haile Thomas's “Perfect Pesto Pizza With Sweet Potato Crust”,93% WOULD MAKE AGAIN,,for 6 servings,"2 tablespoons ground flaxseed; 4 tablespoons water; 3 sweet potatoes, medium/large, cooked and mashed; 1 ¾ cups almond flour (170 g); ½ teaspoon salt; ¼ teaspoon pepper; 1 tablespoon fresh rosemary, chopped; 1 tablespoon ground flaxseed; ½ cup cashews (75 g); ½ cup pistachio (50 g); 1 cup fresh basil (25 g); ½ cup fresh cilantro (25 g); 2 cups spinach (85 g); 1 lemon juice; salt, to taste; pepper, to taste; 3 cloves garlic; ½ cup olive oil (115 g); bell pepper, sliced; cherry tomato, sliced; red onion, thinly sliced; fresh arugula","Calories 422
Fat 28g
Carbs 33g
Fiber 6g
Sugar 11g
Protein 11g",https://tasty.co/recipe/haile-thomas-s-perfect-pesto-pizza-with-sweet-potato-crust
Vanilla Frappuccino Overnight Oats,76% WOULD MAKE AGAIN,Under 30 minutes,for 2 servings,"1 cup quick cooking oats (75 g); 1 ½ cups Starbucks® Vanilla Frappuccino (360 mL); 1 teaspoon maple syrup; ¼ teaspoon vanilla extract; ¼ teaspoon cinnamon; 1 ½ tablespoons chia seeds; 1 teaspoon ground flaxseed; ½ teaspoon hemp seeds; 4 packets Starbucks® Via Instant Espresso, 11-ounce (333 g) packets; 2 tablespoons sugar; 2 tablespoons hot water; ½ teaspoon cinnamon","Calories 341
Fat 6g
Carbs 61g
Fiber 7g
Sugar 13g
Protein 10g",https://tasty.co/recipe/vanilla-frappuccino-overnight-oats
Pea Tea Latte With Boba,91% WOULD MAKE AGAIN,"Total Time
20 minutes
Prep Time
5 minutes
Cook Time
5 minutes",for 1 serving,"1 cup water (240 mL); 1 teaspoon loose pea tea leaves; ⅓ cup Tasty's Boba Pearls and Brown Sugar Syrup (50 g); 1 ½ cups ice (260 g); 2 tablespoons half & half; 1 tablespoon condensed milk, optional; lemon juice, to taste, optional","Calories 301
Fat 7g
Carbs 48g
Fiber 2g
Sugar 9g
Protein 9g",https://tasty.co/recipe/pea-tea-latte-with-boba
Vegan Buttermilk,83% WOULD MAKE AGAIN,,for 1 serving,1 cup almond milk (240 mL); 1 tablespoon apple cider vinegar,"Calories 31
Fat 2g
Carbs 1g
Fiber 0g
Sugar 0g
Protein 1g",https://tasty.co/recipe/vegan-buttermilk
Crispy Smashed Potatoes With Ginger Scallion Sauce,93% WOULD MAKE AGAIN,"Total Time
1 hr 25 min
Prep Time
20 minutes
Cook Time
1 hr 5 min",for 6 servings,"1 tablespoon kosher salt, plus more to taste; 1 ½ lb yukon gold potato (650 g), scrubbed; 3 tablespoons olive oil; garlic powder, to taste; ½ cup avocado oil (120 mL); ¼ cup scallions (10 g), finely chopped; 2 tablespoons garlic, minced; 1 ½ tablespoons fresh ginger, finely chopped; ½ teaspoon kosher salt","Calories 257
Fat 21g
Carbs 15g
Fiber 1g
Sugar 0g
Protein 1g",https://tasty.co/recipe/crispy-smashed-potatoes-with-ginger-scallion-sauce
Watermelon Gazpacho,81% WOULD MAKE AGAIN,Under 30 minutes,for 4 servings,"6 cups watermelon (900 g), seeded and cubed; 1 english cucumber, peeled, seeded, and diced, plus more sliced into rounds, for garnish; 1 red bell pepper, seeded and chopped; ½ jalapeño, seeded and chopped, plus more sliced into rounds, for garnish; ¼ cup fresh mint leaf (10 g), plus more sprigs, for garnish; 3 tablespoons balsamic vinegar; 1 pinch salt; 1 pinch pepper; 2 tablespoons extra virgin olive oil","Calories 150
Fat 2g
Carbs 33g
Fiber 2g
Sugar 25g
Protein 3g",https://tasty.co/recipe/watermelon-gazpacho
